spec_id,age_at_entry,sex,policy_term,policy_count,sum_assured,duration_mth,premium_pp,av_pp_init,accum_prem_init_pp
A,47,M,10,1.0,622000,0,0,0,0
A,53,F,10,1.0,771000,0,0,0,0
A,48,M,20,1.0,453000,0,0,0,0
A,22,M,20,1.0,822000,0,0,0,0
A,48,M,10,1.0,418000,0,0,0,0
A,42,M,20,1.0,238000,0,0,0,0
A,52,F,15,1.0,765000,0,0,0,0
A,48,F,10,1.0,735000,0,0,0,0
A,45,F,15,1.0,989000,0,0,0,0
A,31,M,10,1.0,859000,0,0,0,0
A,33,M,15,1.0,888000,0,0,0,0
A,58,M,20,1.0,471000,0,0,0,0
A,41,F,20,1.0,298000,0,0,0,0
A,42,M,15,1.0,157000,0,0,0,0
A,22,M,15,1.0,453000,0,0,0,0
A,54,F,20,1.0,181000,0,0,0,0
A,24,M,15,1.0,910000,0,0,0,0
A,53,F,15,1.0,643000,0,0,0,0
A,30,M,15,1.0,333000,0,0,0,0
A,43,M,10,1.0,950000,0,0,0,0
A,36,M,20,1.0,102000,0,0,0,0
A,57,F,10,1.0,250000,0,0,0,0
A,34,M,10,1.0,679000,0,0,0,0
A,58,F,15,1.0,304000,0,0,0,0
A,43,M,20,1.0,630000,0,0,0,0
A,59,M,20,1.0,45000,0,0,0,0
A,48,M,20,1.0,472000,0,0,0,0
A,21,M,20,1.0,906000,0,0,0,0
A,59,F,10,1.0,674000,0,0,0,0
A,55,F,10,1.0,737000,0,0,0,0
A,58,M,15,1.0,573000,0,0,0,0
A,42,M,20,1.0,89000,0,0,0,0
A,48,M,10,1.0,369000,0,0,0,0
A,36,F,10,1.0,671000,0,0,0,0
A,22,M,10,1.0,673000,0,0,0,0
A,21,M,15,1.0,285000,0,0,0,0
A,50,M,15,1.0,224000,0,0,0,0
A,46,M,20,1.0,712000,0,0,0,0
A,44,F,10,1.0,732000,0,0,0,0
A,28,M,10,1.0,985000,0,0,0,0
A,23,F,15,1.0,450000,0,0,0,0
A,51,M,15,1.0,652000,0,0,0,0
A,20,F,20,1.0,487000,0,0,0,0
A,44,F,10,1.0,692000,0,0,0,0
A,38,F,10,1.0,852000,0,0,0,0
A,53,M,20,1.0,59000,0,0,0,0
A,32,M,10,1.0,836000,0,0,0,0
A,33,M,15,1.0,191000,0,0,0,0
A,20,F,15,1.0,689000,0,0,0,0
A,55,M,15,1.0,933000,0,0,0,0
A,59,M,15,1.0,198000,0,0,0,0
A,43,F,20,1.0,37000,0,0,0,0
A,52,F,15,1.0,996000,0,0,0,0
A,38,F,15,1.0,95000,0,0,0,0
A,59,F,20,1.0,804000,0,0,0,0
A,47,F,10,1.0,13000,0,0,0,0
A,39,M,10,1.0,846000,0,0,0,0
A,50,F,10,1.0,566000,0,0,0,0
A,20,M,10,1.0,299000,0,0,0,0
A,36,M,20,1.0,683000,0,0,0,0
A,38,M,15,1.0,376000,0,0,0,0
A,25,M,15,1.0,207000,0,0,0,0
A,24,M,15,1.0,596000,0,0,0,0
A,43,F,20,1.0,532000,0,0,0,0
A,45,M,15,1.0,764000,0,0,0,0
A,40,F,15,1.0,850000,0,0,0,0
A,51,M,10,1.0,367000,0,0,0,0
A,43,M,20,1.0,171000,0,0,0,0
A,43,M,10,1.0,940000,0,0,0,0
A,35,M,15,1.0,698000,0,0,0,0
A,31,F,10,1.0,793000,0,0,0,0
A,26,F,15,1.0,438000,0,0,0,0
A,24,F,15,1.0,426000,0,0,0,0
A,33,M,10,1.0,760000,0,0,0,0
A,47,F,15,1.0,74000,0,0,0,0
A,27,M,10,1.0,141000,0,0,0,0
A,27,F,20,1.0,620000,0,0,0,0
A,46,M,10,1.0,313000,0,0,0,0
A,46,M,10,1.0,146000,0,0,0,0
A,34,F,20,1.0,16000,0,0,0,0
A,49,F,10,1.0,725000,0,0,0,0
A,42,M,15,1.0,651000,0,0,0,0
A,47,M,20,1.0,649000,0,0,0,0
A,38,F,10,1.0,423000,0,0,0,0
A,24,M,10,1.0,800000,0,0,0,0
A,46,M,20,1.0,49000,0,0,0,0
A,48,M,15,1.0,876000,0,0,0,0
A,57,M,10,1.0,101000,0,0,0,0
A,51,M,20,1.0,425000,0,0,0,0
A,37,F,20,1.0,297000,0,0,0,0
A,20,F,15,1.0,162000,0,0,0,0
A,59,F,10,1.0,817000,0,0,0,0
A,21,M,20,1.0,782000,0,0,0,0
A,44,F,10,1.0,54000,0,0,0,0
A,50,M,20,1.0,992000,0,0,0,0
A,59,M,10,1.0,630000,0,0,0,0
A,50,F,10,1.0,257000,0,0,0,0
A,39,F,15,1.0,271000,0,0,0,0
A,59,F,10,1.0,466000,0,0,0,0
A,31,M,15,1.0,470000,0,0,0,0
A,43,M,20,1.0,923000,0,0,0,0
A,57,F,10,1.0,348000,0,0,0,0
A,21,F,10,1.0,802000,0,0,0,0
A,26,M,15,1.0,779000,0,0,0,0
A,49,F,15,1.0,589000,0,0,0,0
A,49,F,10,1.0,363000,0,0,0,0
A,42,M,15,1.0,794000,0,0,0,0
A,26,F,20,1.0,694000,0,0,0,0
A,41,M,20,1.0,147000,0,0,0,0
A,52,F,20,1.0,273000,0,0,0,0
A,35,F,20,1.0,314000,0,0,0,0
A,25,M,20,1.0,374000,0,0,0,0
A,38,F,20,1.0,80000,0,0,0,0
A,37,F,20,1.0,852000,0,0,0,0
A,57,M,15,1.0,503000,0,0,0,0
A,38,M,20,1.0,886000,0,0,0,0
A,27,F,15,1.0,368000,0,0,0,0
A,42,M,10,1.0,898000,0,0,0,0
A,45,M,20,1.0,619000,0,0,0,0
A,51,F,15,1.0,23000,0,0,0,0
A,55,M,20,1.0,533000,0,0,0,0
A,50,F,15,1.0,398000,0,0,0,0
A,52,F,10,1.0,161000,0,0,0,0
A,30,M,15,1.0,700000,0,0,0,0
A,37,M,20,1.0,20000,0,0,0,0
A,39,F,10,1.0,546000,0,0,0,0
A,43,F,10,1.0,468000,0,0,0,0
A,20,M,10,1.0,209000,0,0,0,0
A,26,M,20,1.0,967000,0,0,0,0
A,47,M,15,1.0,720000,0,0,0,0
A,31,M,10,1.0,532000,0,0,0,0
A,46,M,15,1.0,259000,0,0,0,0
A,52,M,10,1.0,883000,0,0,0,0
A,32,M,15,1.0,458000,0,0,0,0
A,46,M,15,1.0,76000,0,0,0,0
A,48,F,20,1.0,869000,0,0,0,0
A,56,M,15,1.0,665000,0,0,0,0
A,30,F,20,1.0,229000,0,0,0,0
A,37,M,15,1.0,969000,0,0,0,0
A,52,F,15,1.0,264000,0,0,0,0
A,49,M,20,1.0,535000,0,0,0,0
A,44,F,10,1.0,456000,0,0,0,0
A,35,M,20,1.0,938000,0,0,0,0
A,55,M,15,1.0,911000,0,0,0,0
A,44,F,15,1.0,675000,0,0,0,0
A,29,F,10,1.0,432000,0,0,0,0
A,52,F,15,1.0,235000,0,0,0,0
A,42,F,20,1.0,581000,0,0,0,0
A,33,F,10,1.0,606000,0,0,0,0
A,58,F,15,1.0,663000,0,0,0,0
A,49,F,10,1.0,147000,0,0,0,0
A,37,F,20,1.0,132000,0,0,0,0
A,54,M,10,1.0,643000,0,0,0,0
A,48,M,20,1.0,960000,0,0,0,0
A,35,F,20,1.0,328000,0,0,0,0
A,26,F,15,1.0,264000,0,0,0,0
A,46,M,20,1.0,242000,0,0,0,0
A,37,M,10,1.0,620000,0,0,0,0
A,53,M,10,1.0,507000,0,0,0,0
A,25,M,20,1.0,141000,0,0,0,0
A,56,F,20,1.0,524000,0,0,0,0
A,57,F,15,1.0,840000,0,0,0,0
A,39,F,20,1.0,462000,0,0,0,0
A,53,F,10,1.0,857000,0,0,0,0
A,45,M,10,1.0,725000,0,0,0,0
A,34,F,15,1.0,182000,0,0,0,0
A,31,M,15,1.0,829000,0,0,0,0
A,22,F,10,1.0,684000,0,0,0,0
A,56,F,10,1.0,453000,0,0,0,0
A,22,M,20,1.0,120000,0,0,0,0
A,54,M,10,1.0,379000,0,0,0,0
A,46,F,20,1.0,978000,0,0,0,0
A,57,F,15,1.0,185000,0,0,0,0
A,53,F,20,1.0,963000,0,0,0,0
A,41,M,15,1.0,99000,0,0,0,0
A,38,M,15,1.0,881000,0,0,0,0
A,20,M,15,1.0,313000,0,0,0,0
A,54,F,20,1.0,476000,0,0,0,0
A,39,M,10,1.0,535000,0,0,0,0
A,27,M,10,1.0,716000,0,0,0,0
A,53,M,20,1.0,333000,0,0,0,0
A,58,M,20,1.0,431000,0,0,0,0
A,33,F,20,1.0,801000,0,0,0,0
A,40,F,10,1.0,603000,0,0,0,0
A,26,M,10,1.0,465000,0,0,0,0
A,51,F,10,1.0,29000,0,0,0,0
A,30,F,10,1.0,298000,0,0,0,0
A,24,F,20,1.0,633000,0,0,0,0
A,28,M,20,1.0,964000,0,0,0,0
A,51,F,10,1.0,347000,0,0,0,0
A,56,M,10,1.0,854000,0,0,0,0
A,23,F,15,1.0,786000,0,0,0,0
A,30,M,10,1.0,900000,0,0,0,0
A,40,M,15,1.0,428000,0,0,0,0
A,47,M,10,1.0,550000,0,0,0,0
A,45,F,10,1.0,499000,0,0,0,0
A,54,F,10,1.0,523000,0,0,0,0
A,44,F,20,1.0,405000,0,0,0,0
A,53,M,15,1.0,250000,0,0,0,0
A,25,M,15,1.0,736000,0,0,0,0
A,47,M,15,1.0,919000,0,0,0,0
A,43,F,20,1.0,563000,0,0,0,0
A,43,M,20,1.0,776000,0,0,0,0
A,48,M,20,1.0,539000,0,0,0,0
A,29,M,10,1.0,743000,0,0,0,0
A,56,M,20,1.0,505000,0,0,0,0
A,58,M,15,1.0,957000,0,0,0,0
A,29,M,20,1.0,657000,0,0,0,0
A,40,M,10,1.0,107000,0,0,0,0
A,44,F,20,1.0,980000,0,0,0,0
A,51,M,15,1.0,164000,0,0,0,0
A,42,M,15,1.0,949000,0,0,0,0
A,55,M,15,1.0,738000,0,0,0,0
A,36,F,15,1.0,399000,0,0,0,0
A,54,F,10,1.0,242000,0,0,0,0
A,41,F,15,1.0,96000,0,0,0,0
A,33,M,10,1.0,296000,0,0,0,0
A,54,M,20,1.0,870000,0,0,0,0
A,20,F,15,1.0,807000,0,0,0,0
A,21,M,15,1.0,100000,0,0,0,0
A,29,F,10,1.0,524000,0,0,0,0
A,48,F,10,1.0,580000,0,0,0,0
A,34,M,10,1.0,557000,0,0,0,0
A,50,M,10,1.0,287000,0,0,0,0
A,32,F,10,1.0,477000,0,0,0,0
A,22,M,10,1.0,36000,0,0,0,0
A,24,F,20,1.0,339000,0,0,0,0
A,21,F,10,1.0,357000,0,0,0,0
A,58,M,20,1.0,734000,0,0,0,0
A,44,M,15,1.0,760000,0,0,0,0
A,49,F,15,1.0,141000,0,0,0,0
A,22,M,10,1.0,175000,0,0,0,0
A,51,M,10,1.0,438000,0,0,0,0
A,30,F,15,1.0,817000,0,0,0,0
A,55,F,10,1.0,652000,0,0,0,0
A,27,F,20,1.0,591000,0,0,0,0
A,46,M,15,1.0,603000,0,0,0,0
A,29,F,20,1.0,192000,0,0,0,0
A,42,F,10,1.0,251000,0,0,0,0
A,43,F,20,1.0,594000,0,0,0,0
A,42,M,20,1.0,31000,0,0,0,0
A,22,M,10,1.0,186000,0,0,0,0
A,28,F,15,1.0,527000,0,0,0,0
A,37,M,20,1.0,748000,0,0,0,0
A,41,M,15,1.0,644000,0,0,0,0
A,37,F,20,1.0,982000,0,0,0,0
A,36,M,20,1.0,326000,0,0,0,0
A,26,F,20,1.0,501000,0,0,0,0
A,53,F,15,1.0,557000,0,0,0,0
A,38,M,20,1.0,389000,0,0,0,0
A,30,F,20,1.0,294000,0,0,0,0
A,33,F,20,1.0,122000,0,0,0,0
A,32,F,20,1.0,814000,0,0,0,0
A,39,M,15,1.0,359000,0,0,0,0
A,49,M,20,1.0,502000,0,0,0,0
A,57,F,20,1.0,724000,0,0,0,0
A,27,F,20,1.0,416000,0,0,0,0
A,21,M,15,1.0,133000,0,0,0,0
A,51,F,10,1.0,154000,0,0,0,0
A,31,M,10,1.0,17000,0,0,0,0
A,43,M,15,1.0,24000,0,0,0,0
A,21,F,15,1.0,652000,0,0,0,0
A,22,F,15,1.0,241000,0,0,0,0
A,39,F,10,1.0,359000,0,0,0,0
A,49,M,15,1.0,800000,0,0,0,0
A,32,M,15,1.0,616000,0,0,0,0
A,51,F,15,1.0,507000,0,0,0,0
A,27,M,20,1.0,939000,0,0,0,0
A,54,M,20,1.0,712000,0,0,0,0
A,28,M,10,1.0,493000,0,0,0,0
A,46,F,20,1.0,756000,0,0,0,0
A,47,M,20,1.0,479000,0,0,0,0
A,48,F,20,1.0,539000,0,0,0,0
A,52,M,20,1.0,631000,0,0,0,0
A,57,F,15,1.0,599000,0,0,0,0
A,53,F,10,1.0,807000,0,0,0,0
A,59,M,10,1.0,902000,0,0,0,0
A,56,F,15,1.0,119000,0,0,0,0
A,29,M,15,1.0,241000,0,0,0,0
A,42,M,20,1.0,584000,0,0,0,0
A,32,M,10,1.0,538000,0,0,0,0
A,38,M,10,1.0,832000,0,0,0,0
A,39,F,10,1.0,744000,0,0,0,0
A,33,F,15,1.0,914000,0,0,0,0
A,46,F,20,1.0,284000,0,0,0,0
A,21,M,20,1.0,257000,0,0,0,0
A,43,M,20,1.0,467000,0,0,0,0
A,44,M,15,1.0,991000,0,0,0,0
A,32,F,10,1.0,28000,0,0,0,0
A,23,F,10,1.0,210000,0,0,0,0
A,35,F,10,1.0,510000,0,0,0,0
A,26,F,15,1.0,565000,0,0,0,0
A,25,F,20,1.0,366000,0,0,0,0
A,23,M,15,1.0,137000,0,0,0,0
A,34,M,10,1.0,31000,0,0,0,0
A,38,M,10,1.0,663000,0,0,0,0
A,29,F,15,1.0,895000,0,0,0,0
A,24,M,20,1.0,405000,0,0,0,0
A,53,F,15,1.0,758000,0,0,0,0
A,44,M,15,1.0,393000,0,0,0,0
A,53,F,10,1.0,345000,0,0,0,0
A,30,M,15,1.0,168000,0,0,0,0
A,30,F,10,1.0,244000,0,0,0,0
A,28,M,10,1.0,238000,0,0,0,0
A,37,F,15,1.0,593000,0,0,0,0
A,47,M,10,1.0,171000,0,0,0,0
A,57,F,20,1.0,268000,0,0,0,0
A,21,F,20,1.0,343000,0,0,0,0
A,32,M,20,1.0,761000,0,0,0,0
A,26,F,10,1.0,352000,0,0,0,0
A,43,M,20,1.0,371000,0,0,0,0
A,50,F,20,1.0,279000,0,0,0,0
A,45,F,10,1.0,463000,0,0,0,0
A,55,F,15,1.0,978000,0,0,0,0
A,29,F,10,1.0,578000,0,0,0,0
A,32,M,20,1.0,213000,0,0,0,0
A,24,F,10,1.0,853000,0,0,0,0
A,31,M,20,1.0,183000,0,0,0,0
A,20,F,15,1.0,772000,0,0,0,0
A,54,M,15,1.0,135000,0,0,0,0
A,38,M,10,1.0,249000,0,0,0,0
A,52,M,10,1.0,267000,0,0,0,0
A,42,F,10,1.0,103000,0,0,0,0
A,33,M,15,1.0,491000,0,0,0,0
A,44,M,10,1.0,778000,0,0,0,0
A,46,M,20,1.0,109000,0,0,0,0
A,23,M,15,1.0,756000,0,0,0,0
A,54,F,15,1.0,883000,0,0,0,0
A,34,M,15,1.0,315000,0,0,0,0
A,30,F,10,1.0,391000,0,0,0,0
A,42,M,10,1.0,609000,0,0,0,0
A,56,M,20,1.0,856000,0,0,0,0
A,38,F,10,1.0,234000,0,0,0,0
A,25,F,10,1.0,19000,0,0,0,0
A,49,F,10,1.0,193000,0,0,0,0
A,39,M,10,1.0,940000,0,0,0,0
A,57,F,10,1.0,554000,0,0,0,0
A,26,M,20,1.0,412000,0,0,0,0
A,26,F,10,1.0,436000,0,0,0,0
A,49,M,10,1.0,646000,0,0,0,0
A,50,M,20,1.0,807000,0,0,0,0
A,50,F,15,1.0,267000,0,0,0,0
A,33,M,15,1.0,897000,0,0,0,0
A,55,M,20,1.0,636000,0,0,0,0
A,49,M,20,1.0,68000,0,0,0,0
A,43,M,20,1.0,548000,0,0,0,0
A,44,M,20,1.0,204000,0,0,0,0
A,41,M,10,1.0,255000,0,0,0,0
A,45,F,20,1.0,791000,0,0,0,0
A,57,M,20,1.0,743000,0,0,0,0
A,38,M,20,1.0,295000,0,0,0,0
A,26,M,15,1.0,952000,0,0,0,0
A,53,F,15,1.0,22000,0,0,0,0
A,28,F,20,1.0,813000,0,0,0,0
A,21,F,10,1.0,319000,0,0,0,0
A,46,F,20,1.0,685000,0,0,0,0
A,59,M,15,1.0,805000,0,0,0,0
A,53,F,10,1.0,209000,0,0,0,0
A,54,F,10,1.0,415000,0,0,0,0
A,58,F,10,1.0,949000,0,0,0,0
A,32,M,20,1.0,561000,0,0,0,0
A,51,F,20,1.0,592000,0,0,0,0
A,20,F,15,1.0,93000,0,0,0,0
A,36,M,15,1.0,59000,0,0,0,0
A,27,F,20,1.0,400000,0,0,0,0
A,25,M,20,1.0,521000,0,0,0,0
A,42,F,20,1.0,693000,0,0,0,0
A,38,F,20,1.0,296000,0,0,0,0
A,40,M,10,1.0,474000,0,0,0,0
A,50,F,10,1.0,88000,0,0,0,0
A,31,F,20,1.0,689000,0,0,0,0
A,40,M,10,1.0,407000,0,0,0,0
A,41,M,15,1.0,695000,0,0,0,0
A,50,M,20,1.0,819000,0,0,0,0
A,25,F,10,1.0,836000,0,0,0,0
A,38,M,15,1.0,11000,0,0,0,0
A,32,F,15,1.0,326000,0,0,0,0
A,35,M,20,1.0,774000,0,0,0,0
A,59,F,15,1.0,771000,0,0,0,0
A,27,M,20,1.0,929000,0,0,0,0
A,54,M,15,1.0,686000,0,0,0,0
A,36,M,20,1.0,162000,0,0,0,0
A,56,M,15,1.0,691000,0,0,0,0
A,21,F,15,1.0,371000,0,0,0,0
A,54,M,15,1.0,293000,0,0,0,0
A,35,F,20,1.0,459000,0,0,0,0
A,21,F,20,1.0,678000,0,0,0,0
A,40,F,15,1.0,813000,0,0,0,0
A,53,F,10,1.0,365000,0,0,0,0
A,42,M,20,1.0,670000,0,0,0,0
A,55,F,10,1.0,241000,0,0,0,0
A,59,M,10,1.0,18000,0,0,0,0
A,49,M,20,1.0,303000,0,0,0,0
A,55,M,20,1.0,508000,0,0,0,0
A,38,M,10,1.0,871000,0,0,0,0
A,25,F,20,1.0,46000,0,0,0,0
A,30,M,20,1.0,834000,0,0,0,0
A,22,M,15,1.0,553000,0,0,0,0
A,44,F,10,1.0,501000,0,0,0,0
A,44,M,20,1.0,674000,0,0,0,0
A,30,M,10,1.0,34000,0,0,0,0
A,37,M,10,1.0,725000,0,0,0,0
A,26,M,20,1.0,67000,0,0,0,0
A,53,F,10,1.0,624000,0,0,0,0
A,41,M,15,1.0,62000,0,0,0,0
A,57,M,20,1.0,518000,0,0,0,0
A,37,M,20,1.0,908000,0,0,0,0
A,28,M,15,1.0,791000,0,0,0,0
A,51,F,10,1.0,793000,0,0,0,0
A,37,F,10,1.0,747000,0,0,0,0
A,47,F,10,1.0,260000,0,0,0,0
A,41,M,20,1.0,329000,0,0,0,0
A,32,M,15,1.0,88000,0,0,0,0
A,39,F,10,1.0,958000,0,0,0,0
A,51,F,15,1.0,974000,0,0,0,0
A,33,F,20,1.0,136000,0,0,0,0
A,53,M,15,1.0,949000,0,0,0,0
A,30,M,10,1.0,826000,0,0,0,0
A,23,F,15,1.0,621000,0,0,0,0
A,43,F,15,1.0,834000,0,0,0,0
A,51,M,20,1.0,484000,0,0,0,0
A,46,M,20,1.0,359000,0,0,0,0
A,58,F,15,1.0,526000,0,0,0,0
A,23,M,15,1.0,793000,0,0,0,0
A,23,F,20,1.0,530000,0,0,0,0
A,52,M,15,1.0,933000,0,0,0,0
A,22,M,10,1.0,256000,0,0,0,0
A,50,M,15,1.0,248000,0,0,0,0
A,36,M,20,1.0,513000,0,0,0,0
A,23,F,10,1.0,549000,0,0,0,0
A,55,F,10,1.0,486000,0,0,0,0
A,21,F,10,1.0,946000,0,0,0,0
A,40,M,15,1.0,105000,0,0,0,0
A,55,F,20,1.0,305000,0,0,0,0
A,54,F,10,1.0,379000,0,0,0,0
A,53,M,20,1.0,121000,0,0,0,0
A,48,M,20,1.0,959000,0,0,0,0
A,49,M,15,1.0,313000,0,0,0,0
A,53,F,15,1.0,919000,0,0,0,0
A,30,F,20,1.0,838000,0,0,0,0
A,49,F,20,1.0,235000,0,0,0,0
A,59,F,10,1.0,313000,0,0,0,0
A,38,F,20,1.0,655000,0,0,0,0
A,47,F,20,1.0,238000,0,0,0,0
A,36,M,10,1.0,352000,0,0,0,0
A,43,F,20,1.0,221000,0,0,0,0
A,50,F,15,1.0,619000,0,0,0,0
A,21,F,10,1.0,809000,0,0,0,0
A,22,M,15,1.0,501000,0,0,0,0
A,58,F,10,1.0,919000,0,0,0,0
A,27,M,15,1.0,969000,0,0,0,0
A,42,F,10,1.0,397000,0,0,0,0
A,37,M,10,1.0,128000,0,0,0,0
A,41,M,10,1.0,142000,0,0,0,0
A,29,F,10,1.0,950000,0,0,0,0
A,41,F,10,1.0,788000,0,0,0,0
A,41,F,15,1.0,780000,0,0,0,0
A,27,F,20,1.0,504000,0,0,0,0
A,50,M,10,1.0,424000,0,0,0,0
A,30,M,20,1.0,938000,0,0,0,0
A,50,F,20,1.0,404000,0,0,0,0
A,26,F,10,1.0,288000,0,0,0,0
A,27,M,15,1.0,734000,0,0,0,0
A,57,F,20,1.0,298000,0,0,0,0
A,50,M,10,1.0,801000,0,0,0,0
A,20,F,20,1.0,819000,0,0,0,0
A,37,M,10,1.0,476000,0,0,0,0
A,25,F,10,1.0,600000,0,0,0,0
A,39,F,20,1.0,439000,0,0,0,0
A,37,M,20,1.0,635000,0,0,0,0
A,28,F,10,1.0,617000,0,0,0,0
A,38,M,20,1.0,269000,0,0,0,0
A,56,M,10,1.0,632000,0,0,0,0
A,54,M,15,1.0,686000,0,0,0,0
A,22,M,20,1.0,479000,0,0,0,0
A,42,F,10,1.0,524000,0,0,0,0
A,24,F,10,1.0,251000,0,0,0,0
A,46,F,10,1.0,436000,0,0,0,0
A,41,F,20,1.0,553000,0,0,0,0
A,39,F,15,1.0,518000,0,0,0,0
A,50,M,10,1.0,19000,0,0,0,0
A,33,M,10,1.0,199000,0,0,0,0
A,52,M,10,1.0,782000,0,0,0,0
A,42,M,15,1.0,53000,0,0,0,0
A,30,M,15,1.0,24000,0,0,0,0
A,31,F,10,1.0,386000,0,0,0,0
A,30,M,10,1.0,900000,0,0,0,0
A,53,M,15,1.0,145000,0,0,0,0
A,31,M,15,1.0,960000,0,0,0,0
A,24,M,20,1.0,372000,0,0,0,0
A,32,F,20,1.0,305000,0,0,0,0
A,56,F,20,1.0,218000,0,0,0,0
A,37,M,10,1.0,807000,0,0,0,0
A,51,M,10,1.0,397000,0,0,0,0
A,36,M,10,1.0,94000,0,0,0,0
A,33,M,10,1.0,21000,0,0,0,0
A,40,F,15,1.0,472000,0,0,0,0
A,34,M,20,1.0,455000,0,0,0,0
A,51,F,15,1.0,499000,0,0,0,0
A,54,M,15,1.0,514000,0,0,0,0
A,41,M,10,1.0,841000,0,0,0,0
A,41,M,20,1.0,835000,0,0,0,0
A,22,M,20,1.0,170000,0,0,0,0
A,46,M,10,1.0,811000,0,0,0,0
A,26,F,10,1.0,711000,0,0,0,0
A,54,M,10,1.0,489000,0,0,0,0
A,26,F,10,1.0,16000,0,0,0,0
A,37,F,15,1.0,320000,0,0,0,0
A,54,M,15,1.0,158000,0,0,0,0
A,57,F,15,1.0,214000,0,0,0,0
A,59,M,15,1.0,177000,0,0,0,0
A,45,F,20,1.0,372000,0,0,0,0
A,57,F,20,1.0,758000,0,0,0,0
A,27,M,20,1.0,390000,0,0,0,0
A,56,M,15,1.0,965000,0,0,0,0
A,54,F,10,1.0,965000,0,0,0,0
A,28,F,20,1.0,763000,0,0,0,0
A,41,F,15,1.0,987000,0,0,0,0
A,38,F,20,1.0,338000,0,0,0,0
A,34,F,15,1.0,899000,0,0,0,0
A,33,M,10,1.0,659000,0,0,0,0
A,34,F,10,1.0,850000,0,0,0,0
A,55,M,15,1.0,477000,0,0,0,0
A,22,M,10,1.0,903000,0,0,0,0
A,40,F,15,1.0,74000,0,0,0,0
A,33,F,15,1.0,912000,0,0,0,0
A,25,M,10,1.0,432000,0,0,0,0
A,50,F,20,1.0,288000,0,0,0,0
A,42,M,10,1.0,243000,0,0,0,0
A,50,F,15,1.0,53000,0,0,0,0
A,28,F,15,1.0,52000,0,0,0,0
A,55,M,10,1.0,869000,0,0,0,0
A,39,F,10,1.0,147000,0,0,0,0
A,56,M,15,1.0,871000,0,0,0,0
A,31,F,15,1.0,968000,0,0,0,0
A,24,M,10,1.0,262000,0,0,0,0
A,44,F,20,1.0,441000,0,0,0,0
A,27,M,15,1.0,870000,0,0,0,0
A,40,F,20,1.0,249000,0,0,0,0
A,56,M,10,1.0,662000,0,0,0,0
A,24,M,15,1.0,784000,0,0,0,0
A,43,F,10,1.0,199000,0,0,0,0
A,54,F,15,1.0,708000,0,0,0,0
A,20,F,10,1.0,346000,0,0,0,0
A,32,F,15,1.0,237000,0,0,0,0
A,47,M,20,1.0,915000,0,0,0,0
A,31,F,10,1.0,864000,0,0,0,0
A,56,M,10,1.0,775000,0,0,0,0
A,28,F,10,1.0,629000,0,0,0,0
A,32,F,15,1.0,26000,0,0,0,0
A,47,F,15,1.0,193000,0,0,0,0
A,45,M,10,1.0,823000,0,0,0,0
A,49,F,10,1.0,476000,0,0,0,0
A,50,F,10,1.0,111000,0,0,0,0
A,45,F,20,1.0,874000,0,0,0,0
A,25,F,15,1.0,811000,0,0,0,0
A,36,F,10,1.0,196000,0,0,0,0
A,48,F,15,1.0,636000,0,0,0,0
A,24,M,15,1.0,617000,0,0,0,0
A,21,F,15,1.0,748000,0,0,0,0
A,23,M,10,1.0,426000,0,0,0,0
A,44,M,10,1.0,402000,0,0,0,0
A,45,F,10,1.0,108000,0,0,0,0
A,27,F,10,1.0,630000,0,0,0,0
A,49,M,15,1.0,57000,0,0,0,0
A,43,M,10,1.0,513000,0,0,0,0
A,51,M,20,1.0,449000,0,0,0,0
A,21,M,20,1.0,183000,0,0,0,0
A,35,M,20,1.0,681000,0,0,0,0
A,43,M,20,1.0,167000,0,0,0,0
A,56,F,20,1.0,100000,0,0,0,0
A,43,F,20,1.0,911000,0,0,0,0
A,25,M,10,1.0,55000,0,0,0,0
A,30,F,15,1.0,212000,0,0,0,0
A,21,F,15,1.0,615000,0,0,0,0
A,27,F,20,1.0,11000,0,0,0,0
A,39,F,20,1.0,11000,0,0,0,0
A,58,M,15,1.0,253000,0,0,0,0
A,21,M,15,1.0,995000,0,0,0,0
A,21,M,15,1.0,135000,0,0,0,0
A,28,F,20,1.0,610000,0,0,0,0
A,49,F,15,1.0,790000,0,0,0,0
A,40,F,10,1.0,972000,0,0,0,0
A,27,M,10,1.0,184000,0,0,0,0
A,30,F,20,1.0,839000,0,0,0,0
A,27,M,10,1.0,865000,0,0,0,0
A,48,F,20,1.0,758000,0,0,0,0
A,47,M,20,1.0,35000,0,0,0,0
A,32,F,10,1.0,768000,0,0,0,0
A,21,F,10,1.0,191000,0,0,0,0
A,42,M,20,1.0,341000,0,0,0,0
A,54,F,20,1.0,475000,0,0,0,0
A,58,M,10,1.0,178000,0,0,0,0
A,38,M,20,1.0,643000,0,0,0,0
A,23,M,15,1.0,300000,0,0,0,0
A,33,F,20,1.0,394000,0,0,0,0
A,54,M,15,1.0,350000,0,0,0,0
A,27,F,10,1.0,735000,0,0,0,0
A,47,M,15,1.0,575000,0,0,0,0
A,58,F,10,1.0,999000,0,0,0,0
A,52,F,15,1.0,219000,0,0,0,0
A,50,F,15,1.0,798000,0,0,0,0
A,33,F,20,1.0,807000,0,0,0,0
A,37,F,20,1.0,741000,0,0,0,0
A,31,M,15,1.0,891000,0,0,0,0
A,43,F,20,1.0,522000,0,0,0,0
A,52,M,15,1.0,331000,0,0,0,0
A,43,M,10,1.0,170000,0,0,0,0
A,39,M,15,1.0,846000,0,0,0,0
A,29,M,15,1.0,162000,0,0,0,0
A,38,M,20,1.0,113000,0,0,0,0
A,48,F,20,1.0,381000,0,0,0,0
A,42,M,10,1.0,246000,0,0,0,0
A,41,F,10,1.0,144000,0,0,0,0
A,57,M,10,1.0,696000,0,0,0,0
A,44,M,10,1.0,801000,0,0,0,0
A,53,M,10,1.0,274000,0,0,0,0
A,58,M,10,1.0,244000,0,0,0,0
A,47,M,20,1.0,473000,0,0,0,0
A,25,M,20,1.0,990000,0,0,0,0
A,41,M,15,1.0,689000,0,0,0,0
A,33,M,10,1.0,167000,0,0,0,0
A,40,F,20,1.0,134000,0,0,0,0
A,59,F,15,1.0,853000,0,0,0,0
A,33,M,10,1.0,191000,0,0,0,0
A,37,M,20,1.0,86000,0,0,0,0
A,57,F,20,1.0,820000,0,0,0,0
A,43,M,20,1.0,471000,0,0,0,0
A,20,F,20,1.0,210000,0,0,0,0
A,47,M,15,1.0,883000,0,0,0,0
A,22,M,15,1.0,67000,0,0,0,0
A,39,F,20,1.0,841000,0,0,0,0
A,43,F,10,1.0,496000,0,0,0,0
A,24,M,10,1.0,395000,0,0,0,0
A,23,F,20,1.0,777000,0,0,0,0
A,52,M,15,1.0,861000,0,0,0,0
A,43,M,20,1.0,659000,0,0,0,0
A,27,M,20,1.0,712000,0,0,0,0
A,49,M,10,1.0,917000,0,0,0,0
A,51,M,10,1.0,680000,0,0,0,0
A,58,M,10,1.0,989000,0,0,0,0
A,37,F,20,1.0,757000,0,0,0,0
A,42,F,15,1.0,613000,0,0,0,0
A,40,F,10,1.0,428000,0,0,0,0
A,20,F,10,1.0,423000,0,0,0,0
A,34,M,10,1.0,708000,0,0,0,0
A,50,F,10,1.0,442000,0,0,0,0
A,45,M,10,1.0,847000,0,0,0,0
A,27,M,10,1.0,306000,0,0,0,0
A,55,M,10,1.0,375000,0,0,0,0
A,39,F,15,1.0,982000,0,0,0,0
A,39,F,10,1.0,549000,0,0,0,0
A,57,M,15,1.0,467000,0,0,0,0
A,27,M,10,1.0,493000,0,0,0,0
A,53,F,15,1.0,701000,0,0,0,0
A,42,F,20,1.0,789000,0,0,0,0
A,44,F,10,1.0,389000,0,0,0,0
A,49,F,20,1.0,360000,0,0,0,0
A,41,M,20,1.0,210000,0,0,0,0
A,46,M,10,1.0,534000,0,0,0,0
A,36,M,20,1.0,773000,0,0,0,0
A,55,F,20,1.0,410000,0,0,0,0
A,25,M,10,1.0,949000,0,0,0,0
A,45,F,15,1.0,368000,0,0,0,0
A,51,F,20,1.0,980000,0,0,0,0
A,35,F,20,1.0,895000,0,0,0,0
A,49,M,10,1.0,265000,0,0,0,0
A,44,F,20,1.0,374000,0,0,0,0
A,42,F,15,1.0,929000,0,0,0,0
A,50,F,20,1.0,965000,0,0,0,0
A,41,F,15,1.0,778000,0,0,0,0
A,34,M,20,1.0,333000,0,0,0,0
A,58,F,20,1.0,602000,0,0,0,0
A,43,M,15,1.0,640000,0,0,0,0
A,36,M,20,1.0,272000,0,0,0,0
A,39,M,10,1.0,768000,0,0,0,0
A,57,F,10,1.0,137000,0,0,0,0
A,30,M,15,1.0,644000,0,0,0,0
A,27,F,15,1.0,174000,0,0,0,0
A,44,F,20,1.0,378000,0,0,0,0
A,50,M,20,1.0,911000,0,0,0,0
A,32,M,20,1.0,672000,0,0,0,0
A,33,F,10,1.0,17000,0,0,0,0
A,44,M,10,1.0,586000,0,0,0,0
A,37,F,10,1.0,382000,0,0,0,0
A,47,M,10,1.0,871000,0,0,0,0
A,38,F,10,1.0,249000,0,0,0,0
A,23,M,10,1.0,308000,0,0,0,0
A,39,M,15,1.0,158000,0,0,0,0
A,27,F,10,1.0,836000,0,0,0,0
A,47,M,15,1.0,661000,0,0,0,0
A,29,M,10,1.0,325000,0,0,0,0
A,40,M,15,1.0,68000,0,0,0,0
A,52,F,20,1.0,969000,0,0,0,0
A,29,F,20,1.0,735000,0,0,0,0
A,56,M,15,1.0,403000,0,0,0,0
A,47,M,20,1.0,104000,0,0,0,0
A,26,M,15,1.0,332000,0,0,0,0
A,34,F,15,1.0,242000,0,0,0,0
A,43,M,20,1.0,403000,0,0,0,0
A,35,F,10,1.0,894000,0,0,0,0
A,28,M,20,1.0,111000,0,0,0,0
A,50,M,10,1.0,707000,0,0,0,0
A,30,M,20,1.0,92000,0,0,0,0
A,24,M,10,1.0,780000,0,0,0,0
A,36,F,15,1.0,849000,0,0,0,0
A,24,M,15,1.0,230000,0,0,0,0
A,34,F,10,1.0,859000,0,0,0,0
A,32,F,15,1.0,895000,0,0,0,0
A,54,F,10,1.0,915000,0,0,0,0
A,49,M,15,1.0,976000,0,0,0,0
A,55,F,15,1.0,564000,0,0,0,0
A,24,M,10,1.0,640000,0,0,0,0
A,39,F,20,1.0,500000,0,0,0,0
A,50,M,15,1.0,907000,0,0,0,0
A,54,M,20,1.0,524000,0,0,0,0
A,56,M,15,1.0,867000,0,0,0,0
A,34,F,15,1.0,180000,0,0,0,0
A,42,M,20,1.0,342000,0,0,0,0
A,57,F,15,1.0,240000,0,0,0,0
A,39,M,20,1.0,928000,0,0,0,0
A,54,F,10,1.0,67000,0,0,0,0
A,55,F,10,1.0,205000,0,0,0,0
A,34,F,20,1.0,413000,0,0,0,0
A,25,F,15,1.0,163000,0,0,0,0
A,45,M,15,1.0,856000,0,0,0,0
A,35,F,10,1.0,923000,0,0,0,0
A,46,F,15,1.0,688000,0,0,0,0
A,35,M,15,1.0,777000,0,0,0,0
A,30,M,15,1.0,245000,0,0,0,0
A,25,M,15,1.0,384000,0,0,0,0
A,41,M,20,1.0,62000,0,0,0,0
A,34,M,15,1.0,728000,0,0,0,0
A,25,M,20,1.0,171000,0,0,0,0
A,57,F,15,1.0,568000,0,0,0,0
A,41,F,15,1.0,762000,0,0,0,0
A,21,M,20,1.0,355000,0,0,0,0
A,57,M,20,1.0,303000,0,0,0,0
A,38,F,15,1.0,392000,0,0,0,0
A,50,F,10,1.0,188000,0,0,0,0
A,22,F,10,1.0,615000,0,0,0,0
A,27,M,10,1.0,378000,0,0,0,0
A,26,M,10,1.0,655000,0,0,0,0
A,30,M,10,1.0,913000,0,0,0,0
A,46,M,10,1.0,754000,0,0,0,0
A,54,M,15,1.0,544000,0,0,0,0
A,53,M,15,1.0,269000,0,0,0,0
A,20,M,15,1.0,207000,0,0,0,0
A,53,F,10,1.0,171000,0,0,0,0
A,29,F,15,1.0,993000,0,0,0,0
A,53,M,15,1.0,751000,0,0,0,0
A,54,F,15,1.0,625000,0,0,0,0
A,48,F,10,1.0,911000,0,0,0,0
A,30,M,20,1.0,463000,0,0,0,0
A,45,M,20,1.0,82000,0,0,0,0
A,48,M,10,1.0,886000,0,0,0,0
A,24,M,15,1.0,81000,0,0,0,0
A,37,F,15,1.0,133000,0,0,0,0
A,42,F,15,1.0,554000,0,0,0,0
A,48,F,20,1.0,790000,0,0,0,0
A,31,F,10,1.0,61000,0,0,0,0
A,20,F,15,1.0,953000,0,0,0,0
A,53,F,10,1.0,633000,0,0,0,0
A,29,M,10,1.0,720000,0,0,0,0
A,35,F,15,1.0,961000,0,0,0,0
A,48,F,10,1.0,324000,0,0,0,0
A,42,F,10,1.0,800000,0,0,0,0
A,58,M,15,1.0,590000,0,0,0,0
A,34,M,10,1.0,425000,0,0,0,0
A,22,F,15,1.0,645000,0,0,0,0
A,52,F,10,1.0,888000,0,0,0,0
A,32,F,20,1.0,431000,0,0,0,0
A,33,M,15,1.0,863000,0,0,0,0
A,37,F,20,1.0,901000,0,0,0,0
A,30,F,15,1.0,494000,0,0,0,0
A,53,M,10,1.0,24000,0,0,0,0
A,35,F,10,1.0,920000,0,0,0,0
A,23,M,10,1.0,368000,0,0,0,0
A,33,F,15,1.0,816000,0,0,0,0
A,40,F,10,1.0,845000,0,0,0,0
A,57,F,20,1.0,558000,0,0,0,0
A,57,F,15,1.0,207000,0,0,0,0
A,51,M,10,1.0,394000,0,0,0,0
A,32,M,15,1.0,313000,0,0,0,0
A,47,M,10,1.0,14000,0,0,0,0
A,54,F,10,1.0,974000,0,0,0,0
A,47,M,20,1.0,732000,0,0,0,0
A,37,F,20,1.0,237000,0,0,0,0
A,55,F,15,1.0,61000,0,0,0,0
A,37,F,20,1.0,929000,0,0,0,0
A,37,M,10,1.0,165000,0,0,0,0
A,44,M,15,1.0,658000,0,0,0,0
A,25,M,15,1.0,89000,0,0,0,0
A,33,M,15,1.0,429000,0,0,0,0
A,31,F,10,1.0,794000,0,0,0,0
A,47,F,15,1.0,531000,0,0,0,0
A,36,M,20,1.0,178000,0,0,0,0
A,31,M,15,1.0,56000,0,0,0,0
A,45,F,20,1.0,424000,0,0,0,0
A,51,M,20,1.0,725000,0,0,0,0
A,30,M,10,1.0,768000,0,0,0,0
A,46,M,20,1.0,425000,0,0,0,0
A,44,M,10,1.0,40000,0,0,0,0
A,54,F,10,1.0,477000,0,0,0,0
A,37,M,15,1.0,192000,0,0,0,0
A,58,F,10,1.0,579000,0,0,0,0
A,48,M,20,1.0,823000,0,0,0,0
A,32,M,10,1.0,160000,0,0,0,0
A,54,M,20,1.0,700000,0,0,0,0
A,33,M,15,1.0,837000,0,0,0,0
A,28,F,10,1.0,446000,0,0,0,0
A,28,F,20,1.0,966000,0,0,0,0
A,40,F,15,1.0,829000,0,0,0,0
A,32,F,15,1.0,287000,0,0,0,0
A,44,M,10,1.0,285000,0,0,0,0
A,36,M,20,1.0,156000,0,0,0,0
A,48,M,15,1.0,609000,0,0,0,0
A,30,M,20,1.0,587000,0,0,0,0
A,45,F,15,1.0,895000,0,0,0,0
A,55,F,20,1.0,163000,0,0,0,0
A,42,F,20,1.0,540000,0,0,0,0
A,55,M,20,1.0,552000,0,0,0,0
A,48,F,10,1.0,168000,0,0,0,0
A,49,F,20,1.0,108000,0,0,0,0
A,35,M,15,1.0,757000,0,0,0,0
A,31,F,10,1.0,119000,0,0,0,0
A,26,F,10,1.0,636000,0,0,0,0
A,23,F,10,1.0,592000,0,0,0,0
A,24,M,20,1.0,194000,0,0,0,0
A,35,M,10,1.0,240000,0,0,0,0
A,32,F,20,1.0,372000,0,0,0,0
A,30,F,20,1.0,994000,0,0,0,0
A,56,M,20,1.0,164000,0,0,0,0
A,39,M,20,1.0,220000,0,0,0,0
A,46,F,20,1.0,227000,0,0,0,0
A,52,M,15,1.0,623000,0,0,0,0
A,26,F,10,1.0,168000,0,0,0,0
A,57,M,20,1.0,526000,0,0,0,0
A,53,M,15,1.0,440000,0,0,0,0
A,36,M,15,1.0,213000,0,0,0,0
A,33,M,20,1.0,566000,0,0,0,0
A,43,F,20,1.0,732000,0,0,0,0
A,26,M,15,1.0,60000,0,0,0,0
A,21,F,20,1.0,340000,0,0,0,0
A,38,M,15,1.0,30000,0,0,0,0
A,43,M,20,1.0,532000,0,0,0,0
A,32,M,20,1.0,396000,0,0,0,0
A,55,M,15,1.0,385000,0,0,0,0
A,55,F,15,1.0,576000,0,0,0,0
A,48,M,15,1.0,774000,0,0,0,0
A,35,M,20,1.0,504000,0,0,0,0
A,20,M,15,1.0,500000,0,0,0,0
A,52,M,10,1.0,571000,0,0,0,0
A,40,M,15,1.0,747000,0,0,0,0
A,52,F,15,1.0,458000,0,0,0,0
A,35,M,20,1.0,430000,0,0,0,0
A,52,M,20,1.0,415000,0,0,0,0
A,46,F,15,1.0,873000,0,0,0,0
A,55,F,20,1.0,721000,0,0,0,0
A,22,F,10,1.0,477000,0,0,0,0
A,50,F,15,1.0,169000,0,0,0,0
A,27,F,15,1.0,896000,0,0,0,0
A,34,F,15,1.0,997000,0,0,0,0
A,44,M,15,1.0,545000,0,0,0,0
A,20,F,20,1.0,812000,0,0,0,0
A,53,F,15,1.0,910000,0,0,0,0
A,47,F,20,1.0,371000,0,0,0,0
A,35,F,15,1.0,649000,0,0,0,0
A,21,M,10,1.0,741000,0,0,0,0
A,54,M,15,1.0,995000,0,0,0,0
A,36,F,20,1.0,271000,0,0,0,0
A,22,F,10,1.0,222000,0,0,0,0
A,35,M,20,1.0,998000,0,0,0,0
A,43,F,15,1.0,200000,0,0,0,0
A,35,F,20,1.0,189000,0,0,0,0
A,34,F,10,1.0,61000,0,0,0,0
A,27,M,20,1.0,169000,0,0,0,0
A,36,F,20,1.0,286000,0,0,0,0
A,28,F,10,1.0,892000,0,0,0,0
A,33,M,10,1.0,162000,0,0,0,0
A,24,M,20,1.0,159000,0,0,0,0
A,56,F,15,1.0,528000,0,0,0,0
A,43,M,15,1.0,412000,0,0,0,0
A,56,M,15,1.0,906000,0,0,0,0
A,23,F,15,1.0,209000,0,0,0,0
A,47,M,15,1.0,523000,0,0,0,0
A,31,F,15,1.0,790000,0,0,0,0
A,35,F,20,1.0,183000,0,0,0,0
A,27,M,20,1.0,85000,0,0,0,0
A,21,M,10,1.0,349000,0,0,0,0
A,47,F,15,1.0,428000,0,0,0,0
A,21,F,15,1.0,229000,0,0,0,0
A,49,M,10,1.0,25000,0,0,0,0
A,56,F,20,1.0,664000,0,0,0,0
A,27,F,15,1.0,997000,0,0,0,0
A,30,M,20,1.0,283000,0,0,0,0
A,44,F,15,1.0,674000,0,0,0,0
A,32,F,10,1.0,812000,0,0,0,0
A,52,F,15,1.0,240000,0,0,0,0
A,33,M,10,1.0,697000,0,0,0,0
A,41,F,10,1.0,923000,0,0,0,0
A,25,F,15,1.0,211000,0,0,0,0
A,36,M,10,1.0,714000,0,0,0,0
A,27,M,15,1.0,384000,0,0,0,0
A,31,M,10,1.0,314000,0,0,0,0
A,51,F,10,1.0,421000,0,0,0,0
A,35,M,20,1.0,492000,0,0,0,0
A,49,M,20,1.0,730000,0,0,0,0
A,39,M,20,1.0,396000,0,0,0,0
A,40,M,10,1.0,380000,0,0,0,0
A,34,M,20,1.0,745000,0,0,0,0
A,21,M,15,1.0,746000,0,0,0,0
A,57,F,20,1.0,50000,0,0,0,0
A,46,M,10,1.0,737000,0,0,0,0
A,53,M,15,1.0,570000,0,0,0,0
A,24,F,20,1.0,954000,0,0,0,0
A,49,F,20,1.0,667000,0,0,0,0
A,53,M,20,1.0,721000,0,0,0,0
A,33,M,10,1.0,723000,0,0,0,0
A,21,F,20,1.0,877000,0,0,0,0
A,29,F,10,1.0,830000,0,0,0,0
A,42,F,20,1.0,14000,0,0,0,0
A,21,M,20,1.0,199000,0,0,0,0
A,50,M,15,1.0,528000,0,0,0,0
A,34,F,20,1.0,148000,0,0,0,0
A,41,M,10,1.0,457000,0,0,0,0
A,40,F,20,1.0,698000,0,0,0,0
A,44,F,10,1.0,619000,0,0,0,0
A,28,M,10,1.0,724000,0,0,0,0
A,55,M,20,1.0,603000,0,0,0,0
A,44,M,10,1.0,624000,0,0,0,0
A,34,M,10,1.0,841000,0,0,0,0
A,45,M,20,1.0,627000,0,0,0,0
A,27,M,10,1.0,75000,0,0,0,0
A,44,F,20,1.0,485000,0,0,0,0
A,40,M,20,1.0,708000,0,0,0,0
A,31,F,10,1.0,191000,0,0,0,0
A,33,M,15,1.0,749000,0,0,0,0
A,37,M,10,1.0,341000,0,0,0,0
A,49,M,20,1.0,364000,0,0,0,0
A,26,F,15,1.0,420000,0,0,0,0
A,21,F,20,1.0,879000,0,0,0,0
A,47,F,15,1.0,423000,0,0,0,0
A,23,F,10,1.0,635000,0,0,0,0
A,48,M,15,1.0,431000,0,0,0,0
A,48,M,15,1.0,442000,0,0,0,0
A,27,M,10,1.0,877000,0,0,0,0
A,54,M,10,1.0,542000,0,0,0,0
A,56,M,20,1.0,159000,0,0,0,0
A,53,F,10,1.0,646000,0,0,0,0
A,43,F,20,1.0,693000,0,0,0,0
A,21,F,20,1.0,399000,0,0,0,0
A,46,F,10,1.0,546000,0,0,0,0
A,37,F,20,1.0,447000,0,0,0,0
A,50,M,15,1.0,302000,0,0,0,0
A,47,F,10,1.0,246000,0,0,0,0
A,59,M,20,1.0,426000,0,0,0,0
A,47,M,15,1.0,570000,0,0,0,0
A,32,M,10,1.0,518000,0,0,0,0
A,50,F,15,1.0,372000,0,0,0,0
A,47,M,20,1.0,616000,0,0,0,0
A,28,F,10,1.0,996000,0,0,0,0
A,26,M,20,1.0,740000,0,0,0,0
A,43,M,15,1.0,160000,0,0,0,0
A,37,M,20,1.0,265000,0,0,0,0
A,47,F,20,1.0,355000,0,0,0,0
A,27,M,20,1.0,191000,0,0,0,0
A,39,F,10,1.0,359000,0,0,0,0
A,46,M,10,1.0,503000,0,0,0,0
A,53,M,15,1.0,420000,0,0,0,0
A,33,M,10,1.0,924000,0,0,0,0
A,47,M,15,1.0,826000,0,0,0,0
A,47,F,20,1.0,830000,0,0,0,0
A,48,M,15,1.0,150000,0,0,0,0
A,50,F,10,1.0,704000,0,0,0,0
A,21,F,20,1.0,530000,0,0,0,0
A,23,F,10,1.0,576000,0,0,0,0
A,55,M,15,1.0,974000,0,0,0,0
A,43,M,10,1.0,259000,0,0,0,0
A,36,F,15,1.0,452000,0,0,0,0
A,27,F,20,1.0,928000,0,0,0,0
A,36,M,20,1.0,677000,0,0,0,0
A,23,M,20,1.0,260000,0,0,0,0
A,36,F,20,1.0,869000,0,0,0,0
A,43,M,10,1.0,934000,0,0,0,0
A,20,M,20,1.0,180000,0,0,0,0
A,43,F,10,1.0,261000,0,0,0,0
A,52,M,15,1.0,692000,0,0,0,0
A,36,M,15,1.0,28000,0,0,0,0
A,29,M,15,1.0,413000,0,0,0,0
A,43,F,10,1.0,519000,0,0,0,0
A,40,M,15,1.0,607000,0,0,0,0
A,50,M,10,1.0,270000,0,0,0,0
A,49,F,15,1.0,29000,0,0,0,0
A,20,F,20,1.0,656000,0,0,0,0
A,59,F,10,1.0,536000,0,0,0,0
A,27,M,15,1.0,285000,0,0,0,0
A,22,M,20,1.0,224000,0,0,0,0
A,49,M,10,1.0,181000,0,0,0,0
A,39,M,15,1.0,246000,0,0,0,0
